{
  "project_info": {
    "project_number": "315821786850",
    "project_id": "coworks-2f741",
    "storage_bucket": "coworks-2f741.appspot.com"
  },
  "client": [
    {
      "client_info": {
        "mobilesdk_app_id": "1:315821786850:android:b663fa1eea2e72cc5f80bb",
        "android_client_info": {
          "package_name": "com.edis.cowork"
        }
      },
      "oauth_client": [
        {
          "client_id": "315821786850-a1ceu1ru4lp473jpdv5lrhobf99vf38d.apps.googleusercontent.com",
          "client_type": 3
        }
      ],
      "api_key": [
        {
          "current_key": "AIzaSyDER2PS0AQcZ3H0Q-wRxQLRl4PJiEM5v6c"
        }
      ],
      "services": {
        "appinvite_service": {
          "other_platform_oauth_client": [
            {
              "client_id": "315821786850-a1ceu1ru4lp473jpdv5lrhobf99vf38d.apps.googleusercontent.com",
              "client_type": 3
            }
          ]
        }
      }
    }
  ],
  "configuration_version": "1"
}