{
  "project_info": {
    "project_number": "490514682974",
    "project_id": "cowork-43d05",
    "storage_bucket": "cowork-43d05.appspot.com"
  },
  "client": [
    {
      "client_info": {
        "mobilesdk_app_id": "1:490514682974:android:2c5cac67b52ba0fdf2d0cf",
        "android_client_info": {
          "package_name": "com.example.cowork"
        }
      },
      "oauth_client": [
        {
          "client_id": "490514682974-j6gs3blh8mmu73ibf40dal26h0hakrk3.apps.googleusercontent.com",
          "client_type": 3
        }
      ],
      "api_key": [
        {
          "current_key": "AIzaSyAIXREhtpfPwc0l96aMGsPi7wELHzwyvjY"
        }
      ],
      "services": {
        "appinvite_service": {
          "other_platform_oauth_client": [
            {
              "client_id": "490514682974-j6gs3blh8mmu73ibf40dal26h0hakrk3.apps.googleusercontent.com",
              "client_type": 3
            }
          ]
        }
      }
    }
  ],
  "configuration_version": "1"
}